;municipio_paciente;Total
0;;566161632231613863638162166363122332238232636666112213816216266161221636212626266383813383437213871386262613521626276
1;ABADIA DE GOIAS;6
2;ABAETETUBA;11343422233354321134222333
3;ABARE;666
4;ABREU E LIMA;623222213823823838
5;ACAIACA;2
6;ACAILANDIA;31
7;ACARA;37
8;ACARAPE;3
9;ACOPIARA;63
10;ACORIZAL;66
11;ACU;638
12;AFOGADOS DA INGAZEIRA;3
13;AFONSO CLAUDIO;6
14;AFUA;316161638
15;AGUA AZUL DO NORTE;2
16;AGUA BOA;2638
17;AGUA BRANCA;12
18;AGUA COMPRIDA;3
19;AGUA NOVA;6
20;AGUA PRETA;2233
21;AGUAI;66
22;AGUAS BELAS;23338
23;AGUAS LINDAS DE GOIAS;62323
24;AGUIA BRANCA;6
25;AIMORES;3
26;ALAGOA GRANDE;1
27;ALAGOA NOVA;5
28;ALAGOINHA;6
29;ALAGOINHAS;3172382
30;ALCANTARA;2
31;ALCANTARAS;6266
32;ALCINOPOLIS;3
33;ALECRIM;6
34;ALEGRE;6
35;ALEGRETE;261
36;ALEM PARAIBA;1
37;ALENQUER;116238
38;ALFENAS;1
39;ALHANDRA;6
40;ALIANCA;3
41;ALMEIRIM;162
42;ALMENARA;1
43;ALMIRANTE TAMANDARE;6213
44;ALTA FLORESTA;3
45;ALTAMIRA;626223
46;ALTAMIRA DO PARANA;6
47;ALTINHO;33
48;ALTO ALEGRE;3
49;ALTO DO RODRIGUES;1
50;ALTO PARAGUAI;232
51;ALTO SANTO;127
52;ALTONIA;2
53;ALTOS;23
54;ALUMINIO;6
55;ALVARAES;26612626
56;ALVARES FLORENCE;66
57;ALVARES MACHADO;4
58;ALVINOPOLIS;2
59;ALVORADA;2311312123833
60;AMAJARI;1
61;AMAPA;1
62;AMAPA DO MARANHAO;323226
63;AMARAJI;2
64;AMARGOSA;638
65;AMELIA RODRIGUES;21
66;AMERICA DOURADA;3
67;AMERICANA;21
68;AMERICO BRASILIENSE;22
69;AMONTADA;77277277232316327616
70;ANAJAS;2261161
71;ANAJATUBA;3
72;ANAMA;6
73;ANANINDEUA;2322231331122323123332226383838232339382222212223823
74;ANAPOLIS;12626613126238638273812
75;ANASTACIO;21232
76;ANCHIETA;6
77;ANDORINHA;322
78;ANDRE DA ROCHA;1
79;ANGATUBA;6
80;ANGICOS;6
81;ANGRA DOS REIS;232
82;ANICUNS;62
83;ANORI;7231
84;ANTONIO CARLOS;3
85;ANTONIO MARTINS;6
86;ANTONIO PRADO DE MINAS;3
87;APARECIDA DE GOIANIA;33226322112238222
88;APERIBE;2
89;APIACAS;6
90;APIAI;6
91;APICUM-ACU;38
92;APODI;1
93;APUCARANA;132
94;APUI;32
95;APUIARES;31
96;AQUIDABA;3
97;AQUIDAUANA;61611
98;AQUIRAZ;3216
99;ARABUTA;6
100;ARACAJU;383812383838323811138211111383838238383823822123838123838382383838238238381383823832238
101;ARACARIGUAMA;2
102;ARACATI;23
103;ARACATUBA;661166
104;ARACI;2212
105;ARACOIABA;313
106;ARACOIABA DA SERRA;7776
107;ARACRUZ;661
108;ARACUAI;13106
109;ARAGOIANIA;3233
110;ARAGOMINAS;2
111;ARAGUAINA;322
112;ARAGUANA;6
113;ARAIOSES;6
114;ARAME;2
115;ARAPIRACA;21
116;ARAPONGAS;221
117;ARAPOTI;38
118;ARAPUTANGA;6
119;ARARANGUA;38
120;ARARAQUARA;1386262266
121;ARARAS;27
122;ARARENDA;6
123;ARARI;122
124;ARARIPE;11
125;ARARIPINA;3113232
126;ARARUAMA;2
127;ARARUNA;66
128;ARATACA;6
129;ARATUIPE;2
130;ARAUA;2
131;ARAUCARIA;112638166
132;ARAXA;2
133;ARCEBURGO;6
134;ARCOVERDE;210
135;AREADO;237373737373737
136;AREIA;6
137;AREIA BRANCA;13332626
138;AREIAS;22
139;ARICANDUVA;6
140;ARIPUANA;361333
141;ARIQUEMES;11121
142;AROEIRAS DO ITAIM;777777777777
143;ARRAIAL;2
144;ARRAIAL DO CABO;2
145;ARROIO DO SAL;26
146;ARROIO DOS RATOS;23
147;ARTUR NOGUEIRA;36
148;ARUJA;766
149;ASSIS;2
150;ASSIS CHATEAUBRIAND;2
151;ASSUNCAO;6
152;ASTOLFO DUTRA;1
153;ASTORGA;82
154;ATALAIA DO NORTE;2
155;ATIBAIA;616666626
156;AUGUSTO CORREA;11662226616766
157;AURORA;62
158;AURORA DO PARA;1
159;AUTAZES;6212166666623262261
160;AVARE;266662
161;AVEIRO;3
162;AXIXA;3
163;BABACULANDIA;6
164;BACABAL;62
165;BACURI;1
166;BAGE;21
167;BAIANOPOLIS;2
168;BAIAO;2326621636
169;BAIXA GRANDE DO RIBEIRO;6
170;BALNEARIO CAMBORIU;12
171;BALNEARIO PINHAL;1
172;BALSA NOVA;3
173;BALSAMO;666
174;BANABUIU;2
175;BANANAL;2
176;BANDEIRA DO SUL;666
177;BANDEIRANTES;6
178;BANZAE;32132
179;BARAO DE GRAJAU;3
180;BARAO DE MELGACO;6
181;BARAO DO TRIUNFO;3
182;BARBACENA;33433
183;BARBALHA;2387387773873877
184;BARBOSA FERRAZ;3
185;BARCARENA;1336122216213
186;BARIRI;6
187;BARRA;26266
188;BARRA BONITA;61
189;BARRA DA ESTIVA;138
190;BARRA DE SAO MIGUEL;66
191;BARRA DO BUGRES;26
192;BARRA DO CHOCA;3822
193;BARRA DO CORDA;33
194;BARRA DO GARCAS;38238386
195;BARRA DO MENDES;3123
196;BARRA DO PIRAI;361
197;BARRA DO RIBEIRO;1
198;BARRA DOS COQUEIROS;622162
199;BARRA MANSA;323823
200;BARRA VELHA;38
201;BARRAS;21
202;BARREIRAS;6211212
203;BARREIRINHA;66666626622
204;BARREIRINHAS;1632
205;BARREIROS;3
206;BARRETOS;322
207;BARRINHA;7666
208;BARRO;6
209;BARRO ALTO;6
210;BARROCAS;2
211;BARUERI;666226666226162226
212;BATALHA;31
213;BATATAIS;2
214;BATURITE;2
215;BAURU;61276666616
216;BAYEUX;55722
217;BEBEDOURO;2
218;BEBERIBE;2617222
219;BELA CRUZ;1
220;BELA VISTA DO MARANHAO;66
221;BELAGUA;3333
222;BELEM;261626121010110101171031211226116626362101038223338101177116266313327777166777773823822
223;BELEM DO SAO FRANCISCO;23
224;BELFORD ROXO;23213238223381
225;BELO HORIZONTE;22221137127238138638123811383812238211138138238382238382213821213822213811222383821382213837383838387222381122382123822382138238110123238138381221227383813838382227122111381226113838111223838237122373838138222223373838113123823812223821111383812382138222387321383812383817171383872371223827382723811738
226;BELO JARDIM;2
227;BELO ORIENTE;2
228;BELTERRA;276
229;BENEVIDES;33
230;BENJAMIN CONSTANT;238638
231;BENTO GONCALVES;2222
232;BERTIOGA;66
233;BERURI;61622
234;BETANIA;3
235;BETIM;383323223333363213638633383631336166
236;BEZERROS;3232
237;BIGUACU;3
238;BIRIGUI;22
239;BIRITIBA-MIRIM;6
240;BIRITINGA;2
241;BLUMENAU;22627
242;BOA VENTURA;6
243;BOA VENTURA DE SAO ROQUE;32
244;BOA VIAGEM;6
245;BOA VISTA;212112611122221351212212222211161110122121221111261212321132222311111
246;BOA VISTA DA APARECIDA;2
247;BOA VISTA DO RAMOS;6622
248;BOCA DO ACRE;112161112
249;BOCAIUVA;33310387277777
250;BOCAIUVA DO SUL;36
251;BODOCO;6
252;BODOQUENA;3
253;BOFETE;6
254;BOITUVA;2
255;BOM DESPACHO;62
256;BOM JARDIM;3
257;BOM JESUS;266
258;BOM JESUS DA LAPA;34
259;BOM JESUS DE GOIAS;62
260;BOM JESUS DO ITABAPOANA;2
261;BOM LUGAR;6
262;BOM PRINCIPIO DO PIAUI;6
263;BOM SUCESSO DE ITARARE;66
264;BONFIM;2
265;BONFINOPOLIS;1
266;BONITO;2
267;BONITO DE MINAS;6
268;BOQUEIRAO;1
269;BOQUIM;3323
270;BOQUIRA;2
271;BORBA;63223332321363
272;BOTUCATU;2661
273;BOTUPORA;2
274;BRAGANCA;223236638
275;BRAGANCA PAULISTA;1121
276;BRASIL NOVO;6
277;BRASILEIA;1
278;BRASILIA;10662166611066632326361616226666212266262323322361123626632262222266666663226616210162666216116113662226226621326626666626161666616266622621132216111622211616327163663636666222622126663661022311666211622621111623661616622122666122366666323383233363838622123863816122231211622136623263266621666232101666611161666338362
279;BRAZABRANTES;3
280;BREJAO;6
281;BREJO DE AREIA;3
282;BREJO GRANDE;1
283;BREJO GRANDE DO ARAGUAIA;1
284;BREU BRANCO;2
285;BREVES;2263332211231616233623223
286;BRODOWSKI;622
287;BROTAS;6
288;BROTAS DE MACAUBAS;2
289;BRUMADINHO;32
290;BRUMADO;266
291;BRUSQUE;3
292;BUIQUE;3263
293;BUJARI;22216
294;BUJARU;62
295;BURI;6
296;BURITI;1
297;BURITI BRAVO;22
298;BURITI DOS LOPES;2
299;BURITICUPU;6166
300;BURITIRAMA;123332
301;BURITIS;2
302;BURITIZEIRO;6
303;CAAPIRANGA;72
304;CAAPORA;3
305;CAARAPO;12
306;CABACEIRAS DO PARAGUACU;32
307;CABECEIRA GRANDE;10
308;CABEDELO;51
309;CABO DE SANTO AGOSTINHO;332382
310;CABO FRIO;2
311;CABREUVA;661
312;CACADOR;2332
313;CACAPAVA;2
314;CACERES;2210
315;CACHOEIRA;333
316;CACHOEIRA DO ARARI;1666612271
317;CACHOEIRA DO PIRIA;621221
318;CACHOEIRA DO SUL;6336
319;CACHOEIRA GRANDE;2
320;CACHOEIRAS DE MACACU;3
321;CACHOEIRINHA;12210
322;CACHOEIRO DE ITAPEMIRIM;6216366
323;CACIMBA DE DENTRO;321
324;CACIMBAS;2
325;CACOAL;2
326;CAETANOPOLIS;6
327;CAETANOS;1
328;CAETE;103
329;CAETES;13332
330;CAETITE;331
331;CAFARNAUM;1
332;CAIBATE;10
333;CAIBI;6
334;CAICO;66
335;CAIEIRAS;6662
336;CAJAMAR;1
337;CAJAPIO;3
338;CAJUEIRO;1
339;CAJURU;1
340;CALDAS BRANDAO;6
341;CALDAS NOVAS;63
342;CALIFORNIA;3
343;CAMACAN;32
344;CAMACARI;612382232112322623633
345;CAMANDUCAIA;11323221
346;CAMAPUA;6
347;CAMARAGIBE;6163333323623
348;CAMBE;363
349;CAMETA;6166716266173873813838383838
350;CAMOCIM;610
351;CAMPANHA;2
352;CAMPESTRE;3
353;CAMPINA GRANDE;333234122
354;CAMPINA GRANDE DO SUL;3361
355;CAMPINAS;212226661662226166666616616221616116666
356;CAMPO ALEGRE DE LOURDES;63
357;CAMPO BELO;233
358;CAMPO DO BRITO;3
359;CAMPO DO TENENTE;2
360;CAMPO FORMOSO;13
361;CAMPO GRANDE;226231233143261232111332133331362
362;CAMPO LARGO;1211
363;CAMPO LIMPO PAULISTA;662626
364;CAMPO MAIOR;666
365;CAMPO MOURAO;36
366;CAMPO NOVO DO PARECIS;3666
367;CAMPO REDONDO;6
368;CAMPO VERDE;666
369;CAMPOS BELOS;263
370;CAMPOS DO JORDAO;6222
371;CAMPOS DOS GOYTACAZES;63321621133113387711138638771138171773817
372;CAMPOS NOVOS;2
373;CAMUTANGA;22
374;CANAA DOS CARAJAS;12233
375;CANANEIA;6
376;CANAPOLIS;3
377;CANARANA;33
378;CANAVIEIRAS;66772766167122677766221382138382
379;CANDEAL;1
380;CANDEIAS;361333333
381;CANDEIAS DO JAMARI;1
382;CANDELARIA;3838
383;CANDIDO MENDES;66
384;CANDIDO SALES;3
385;CANGUARETAMA;6
386;CANINDE;26
387;CANINDE DE SAO FRANCISCO;66
388;CANOAS;3110103341
389;CANOINHAS;1
390;CANTA;3
391;CANTAGALO;262
392;CANUDOS;77
393;CANUTAMA;12
394;CAPANEMA;213387
395;CAPAO BONITO;666666
396;CAPAO DA CANOA;12
397;CAPELA;1
398;CAPELA DO ALTO ALEGRE;39
399;CAPELINHA;116
400;CAPIM BRANCO;6
401;CAPIM GROSSO;36
402;CAPINZAL;3
403;CAPINZAL DO NORTE;3
404;CAPITAO DE CAMPOS;1
405;CAPITAO ENEAS;1
406;CAPIVARI;222
407;CAPIVARI DE BAIXO;2
408;CAPOEIRAS;38
409;CARACARAI;236
410;CARACOL;3
411;CARAGUATATUBA;26122
412;CARAI;6
413;CARAPICUIBA;61212222722663266663226212116616626222222122212211226
414;CARATINGA;1
415;CARAUARI;262
416;CARAUBAS;71
417;CARAUBAS DO PIAUI;1
418;CARAVELAS;6238
419;CARBONITA;6
420;CARDEAL DA SILVA;3
421;CARDOSO MOREIRA;1
422;CAREIRO;3362
423;CARIACICA;216661661
424;CARIDADE;10321
425;CARINHANHA;66
426;CARIRA;2
427;CARIRE;721
428;CARIRIACU;333333
429;CARLOS CHAGAS;3
430;CARMO DA CACHOEIRA;1
431;CARMO DO RIO VERDE;1
432;CARMOPOLIS;638383838
433;CARNAIBA;2333
434;CARNAUBAIS;2
435;CARPINA;6
436;CARRAPATEIRA;7
437;CARUARU;31232112
438;CASA NOVA;1212222
439;CASCAVEL;632221386
440;CASIMIRO DE ABREU;313
441;CASSIA;1
442;CASSIA DOS COQUEIROS;2
443;CASTANHAL;32262211162
444;CASTELO;2
445;CASTELO DO PIAUI;6
446;CASTRO;6623
447;CASTRO ALVES;7
448;CATAGUASES;38
449;CATALAO;32
450;CATANDUVA;6221
451;CATENDE;31
452;CATU;3
453;CATUJI;31
454;CATURITE;33
455;CAUCAIA;26636162232621322227713813
456;CAXIAS;22311
457;CAXIAS DO SUL;226216
458;CEARA-MIRIM;1121
459;CEDRAL;233
460;CENTRO DO GUILHERME;3
461;CENTRO NOVO DO MARANHAO;62
462;CEREJEIRAS;1
463;CERRO LARGO;2
464;CHA DE ALEGRIA;3
465;CHA GRANDE;3
466;CHAPADA DOS GUIMARAES;1
467;CHAPADAO DO SUL;1
468;CHAPECO;212122326122
469;CHARQUEADA;6
470;CHARQUEADAS;6
471;CHAVAL;2
472;CHAVANTES;6
473;CHAVES;6266161
474;CHIADOR;2
475;CHOPINZINHO;1
476;CHORROCHO;33
477;CIANORTE;366
478;CICERO DANTAS;1
479;CIDADE OCIDENTAL;112
480;CLAUDIA;6
481;COARI;636626613636626162627236363323626266266276722233
482;COCAL DE TELHA;3
483;COCALZINHO DE GOIAS;6
484;CODAJAS;21102
485;CODO;126
486;COELHO NETO;3
487;COIMBRA;6
488;COIVARAS;3
489;COLATINA;626
490;COLIDER;22
491;COLNIZA;2
492;COLOMBO;238221262122216
493;COLONIA DO PIAUI;27382381
494;COLUNA;6
495;CONCEICAO;2
496;CONCEICAO DA BARRA;2
497;CONCEICAO DA BARRA DE MINAS;6
498;CONCEICAO DA FEIRA;2
499;CONCEICAO DO ALMEIDA;38
500;CONCEICAO DO ARAGUAIA;2
501;CONCEICAO DO CANINDE;3838383877738777738
502;CONCEICAO DO MATO DENTRO;333
503;CONCEICAO DO TOCANTINS;2
504;CONCORDIA;2
505;CONCORDIA DO PARA;6162
506;CONDADO;13
507;CONEGO MARINHO;6
508;CONSELHEIRO LAFAIETE;313313123
509;CONTAGEM;3523321123383833103216223121376122381
510;CORDISBURGO;38
511;COREMAS;22
512;COROATA;22
513;CORONEL DOMINGOS SOARES;2
514;CORONEL FABRICIANO;1
515;CORONEL JOAO PESSOA;6
516;CORONEL JOAO SA;2
517;CORONEL SAPUCAIA;12
518;CORONEL VIVIDA;106
519;CORRENTINA;6
520;CORURIPE;2
521;COSMORAMA;2
522;COSTA RICA;2
523;COTEGIPE;2
524;COTIA;666262666666666
525;COUTO DE MAGALHAES DE MINAS;33
526;COXIM;62237
527;CRATO;62
528;CRAVOLANDIA;6
529;CRICIUMA;1222116
530;CRISOPOLIS;1210227721010
531;CRISTAIS PAULISTA;2
532;CRISTALANDIA DO PIAUI;23811
533;CRISTALINA;2
534;CRISTINO CASTRO;1
535;CRUZ ALTA;36
536;CRUZ DAS ALMAS;23838
537;CRUZ DO ESPIRITO SANTO;26
538;CRUZEIRO;66262
539;CRUZEIRO DO OESTE;3
540;CRUZEIRO DO SUL;12
541;CRUZILIA;6
542;CUBATAO;6662626
543;CUBATI;2
544;CUIABA;3212322622
545;CUITE;73
546;CUMARU;38
547;CURIMATA;8
548;CURIONOPOLIS;1
549;CURITIBA;666616121622616611166266222626626266622166666266621622612271616161666262666116
550;CURITIBANOS;1
551;CURRAIS NOVOS;2
552;CURUA;6
553;CURVELO;3
554;CUSTODIA;2366236
555;CUTIAS;2
556;DAMIAO;3
557;DELMIRO GOUVEIA;36
558;DELTA;2
559;DEMERVAL LOBAO;6
560;DEZESSEIS DE NOVEMBRO;6
561;DIADEMA;662622366166166616666626666162666666227
562;DIAMANTE;66
563;DIAMANTINA;238
564;DIAMANTINO;22
565;DIANOPOLIS;2
566;DIAS D'AVILA;3
567;DIRCEU ARCOVERDE;63
568;DIVINO;1232
569;DIVINOPOLIS DO TOCANTINS;2
570;DOBRADA;2
571;DOIS IRMAOS;3
572;DOIS IRMAOS DAS MISSOES;10
573;DOIS IRMAOS DO BURITI;2222
574;DOIS LAJEADOS;2
575;DOIS VIZINHOS;2
576;DOM ELISEU;1
577;DOM EXPEDITO LOPES;6
578;DOM FELICIANO;13
579;DOM INOCENCIO;63
580;DOM PEDRO;6
581;DORES DO TURVO;310
582;DOURADOS;3126322122136232
583;DUQUE DE CAXIAS;32223312221102212133232
584;EIRUNEPE;322313123
585;ELDORADO DO SUL;381222
586;ELDORADO DOS CARAJAS;2
587;ELESBAO VELOSO;6
588;EMAS;26
589;EMBU DAS ARTES;662666626666266262381
590;EMBU-GUACU;12
591;ENCRUZILHADA;1
592;ENCRUZILHADA DO SUL;66
593;ENGENHEIRO BELTRAO;1
594;ENGENHEIRO NAVARRO;3
595;ENTRE RIOS;3
596;ENVIRA;6
597;EPITACIOLANDIA;6
598;EQUADOR;6
599;ERECHIM;1
600;ESCADA;1622
601;ESMERALDAS;33313
602;ESPERANCA;25126
603;ESPERANTINA;266626
604;ESPIGAO ALTO DO IGUACU;2
605;ESPINOSA;3
606;ESPIRITO SANTO DO PINHAL;26
607;ESTANCIA;3
608;ESTANCIA VELHA;66
609;ESTEIO;10
610;ESTRELA DALVA;321
611;EUCLIDES DA CUNHA;3666
612;EUCLIDES DA CUNHA PAULISTA;2
613;EUNAPOLIS;1232123381
614;EUSEBIO;271
615;EXTREMA;366
616;EXTREMOZ;2262
617;EXU;13
618;FAGUNDES;6
619;FARO;13
620;FATIMA DO SUL;11
621;FAZENDA RIO GRANDE;26233
622;FEIJO;62326
623;FEIRA DE SANTANA;272738238721773812121223822338238137312138
624;FEIRA NOVA;263
625;FELISBURGO;638
626;FELIXLANDIA;38
627;FERRAZ DE VASCONCELOS;2616666
628;FERREIRA GOMES;12
629;FERROS;10
630;FIGUEIRA;3
631;FLEXEIRAS;6
632;FLORA RICA;2
633;FLORANIA;3
634;FLORES;3
635;FLORESTA;33
636;FLORESTA DO ARAGUAIA;1
637;FLORIANO;166
638;FLORIANOPOLIS;21383838382
639;FONTE BOA;1226321233213333223232323232232
640;FORMOSA;38
641;FORMOSA DO RIO PRETO;1
642;FORQUILHA;73838
643;FORQUILHINHA;2
644;FORTALEZA;12362621161166112621612211622663711666236622616222166211616611666222721131122222162662316662261222166663111662161662166626662387716666612771277138116737222623871716776612222666622662626662262622216626112662666666221366762661062266611121627166662266
645;FOZ DO IGUACU;632213221
646;FRANCA;666262
647;FRANCISCO BELTRAO;326
648;FRANCISCO MACEDO;2
649;FRANCISCO MORATO;266626666666
650;FRANCO DA ROCHA;66212666
651;FRECHEIRINHA;2
652;FREDERICO WESTPHALEN;2
653;FREI INOCENCIO;2
654;FRUTAL;3106
655;FUNILANDIA;7
656;GADO BRAVO;6
657;GALILEIA;1
658;GARANHUNS;3233
659;GARCA;1
660;GARRAFAO DO NORTE;166266
661;GARUVA;2
662;GASTAO VIDIGAL;6
663;GAVIAO;3834
664;GENERAL CARNEIRO;3
665;GIRAU DO PONCIANO;38
666;GLORIA;16633
667;GODOFREDO VIANA;2
668;GOIANA;3
669;GOIANESIA;66
670;GOIANESIA DO PARA;32
671;GOIANIA;231333331612126362626362313221312662631353227
672;GOIANIRA;7238
673;GOIAS;2
674;GOIATINS;1131
675;GOVERNADOR DIX-SEPT ROSADO;2
676;GOVERNADOR LINDENBERG;2
677;GOVERNADOR LUIZ ROCHA;62
678;GOVERNADOR NUNES FREIRE;26266116662216126121
679;GOVERNADOR VALADARES;3238238
680;GRAJAU;18
681;GRAO MOGOL;3
682;GRAVATA;3
683;GRAVATAI;22666116322
684;GUACUI;622
685;GUAIBA;1132
686;GUAIRA;2
687;GUAJARA-MIRIM;3313
688;GUAJERU;7
689;GUANAMBI;1333333
690;GUANHAES;1066
691;GUAPIACU;6
692;GUAPIARA;666
693;GUAPO;72
694;GUARABIRA;32
695;GUARACIABA;3333
696;GUARACIABA DO NORTE;321321227
697;GUARANESIA;6
698;GUARANTA DO NORTE;2
699;GUARAPARI;1121
700;GUARAPUAVA;338
701;GUARAREMA;61612
702;GUARATINGUETA;66
703;GUARDA-MOR;6
704;GUARIBA;2
705;GUARUJA;6226626727666211
706;GUARULHOS;66116166612167766666676662661166622666271222616626621612776612626662662
707;GUAXUPE;31
708;GUIA LOPES DA LAGUNA;312
709;GUIRICEMA;3
710;GURJAO;38
711;GURUPA;16
712;HELIOPOLIS;6
713;HIDROLANDIA;6
714;HORIZONTE;6
715;HORTOLANDIA;2126
716;HUMAITA;16666
717;HUMBERTO DE CAMPOS;2
718;IATI;2
719;IBARAMA;2
720;IBATE;66
721;IBATEGUARA;2
722;IBIA;6
723;IBIAPINA;63
724;IBICARAI;1
725;IBIMIRIM;106
726;IBIPORA;2
727;IBIRA;1
728;IBIRACI;6
729;IBIRAPITANGA;2
730;IBIRAREMA;2
731;IBIRITE;212213573938353534
732;IBOTIRAMA;12
733;ICATU;3
734;IGAPORA;6
735;IGARAPAVA;2
736;IGARAPE;38
737;IGARAPE-ACU;102
738;IGARAPE-MIRI;21
739;IGARASSU;3133236
740;IGARATA;66
741;IGRAPIUNA;6
742;IGREJINHA;6
743;IGUAI;1
744;IGUARACI;1
745;IGUATAMA;32
746;IGUATEMI;2
747;IGUATU;362
748;ILHA COMPRIDA;6
749;ILHA DAS FLORES;22
750;ILHEUS;3321112
751;IMACULADA;3262
752;IMBE;36
753;IMBITUVA;21
754;IMPERATRIZ;31232
755;INACIOLANDIA;1
756;INAJA;32633
757;INDAIAL;22
758;INDAIATUBA;6
759;INDEPENDENCIA;102
760;INDIAROBA;638
761;INGAZEIRA;6
762;INHAMBUPE;32
763;INHANGAPI;321
764;INHAUMA;7
765;INHUMAS;17
766;INVALIDO;637
767;IPABA;2
768;IPANGUACU;62
769;IPATINGA;383838138387773838762383813838738273838381038
770;IPERO;622
771;IPIAU;7
772;IPIGUA;6
773;IPIRA;1239
774;IPIRANGA DO NORTE;2
775;IPIRANGA DO PIAUI;333
776;IPIXUNA;212
777;IPIXUNA DO PARA;2
778;IPOJUCA;6321
779;IPORA;2
780;IPU;323382
781;IPUACU;2
782;IPUBI;3
783;IPUEIRAS;26
784;IRACEMA;33
785;IRAMAIA;6
786;IRANDUBA;6131621223222
787;IRAQUARA;63
788;IRATI;13222
789;IRAUCUBA;2
790;IRECE;62661662
791;IRITUIA;1132
792;ITABAIANA;662666
793;ITABERABA;7
794;ITABERAI;3
795;ITABIRA;2212
796;ITABIRITO;12
797;ITABORAI;33335112
798;ITABUNA;26123832
799;ITACAMBIRA;6
800;ITACOATIARA;3211127212677666723661632116362612377616116
801;ITAETE;1
802;ITAGIBA;6
803;ITAGUACU DA BAHIA;6
804;ITAGUAI;662610210
805;ITAI;26
806;ITAIBA;2
807;ITAIPE;2
808;ITAITINGA;22
809;ITAITUBA;22116122
810;ITAJA;61
811;ITAJAI;3811356387
812;ITAJUIPE;38
813;ITAMARAJU;72383838381
814;ITAMARATI;6161
815;ITAMBE;321633
816;ITANHAEM;666662622
817;ITANHEM;1
818;ITAOBIM;16
819;ITAOCARA;1
820;ITAPAGE;661
821;ITAPARICA;13838
822;ITAPEBI;2
823;ITAPECERICA DA SERRA;662666671
824;ITAPECURU MIRIM;31
825;ITAPEMA;2
826;ITAPEMIRIM;6
827;ITAPERUCU;336
828;ITAPERUNA;1
829;ITAPETININGA;162666
830;ITAPEVA;2
831;ITAPEVI;662266626362122126726211626627
832;ITAPIPOCA;2112221
833;ITAPIRANGA;626
834;ITAPITANGA;6
835;ITAPOA;1
836;ITAPOLIS;2
837;ITAPORANGA D'AJUDA;16266
838;ITAPOROROCA;38
839;ITAQUAQUECETUBA;1666666616666626626661661176611622227216
840;ITAQUIRAI;3
841;ITARARE;66
842;ITAREMA;21
843;ITARIRI;6
844;ITARUMA;6
845;ITATIRA;1
846;ITAU DE MINAS;2
847;ITAUBAL;2210
848;ITINGA;33
849;ITINGA DO MARANHAO;1
850;ITIRAPINA;2
851;ITIUBA;23
852;ITORORO;1166
853;ITU;16122
854;ITUIUTABA;22
855;ITUMBIARA;7
856;ITUMIRIM;38
857;ITUPEVA;2
858;ITURAMA;2
859;ITUVERAVA;6
860;IVAIPORA;1
861;IVINHEMA;1
862;IVOTI;6
863;JABOATAO DOS GUARARAPES;666266666622266666263821111222
864;JABOTICABAL;6
865;JABOTICATUBAS;16
866;JACARACI;6
867;JACARAU;612
868;JACAREI;666122616
869;JACI;2
870;JACINTO;1
871;JACOBINA;338
872;JACUNDA;2
873;JACUTINGA;38
874;JAGUAPITA;3838
875;JAGUARAO;6
876;JAGUARETAMA;222
877;JAGUARIBARA;36
878;JAGUARIBE;2
879;JAGUARIPE;2
880;JAGUARIUNA;262
881;JAGUARUANA;32
882;JALES;62
883;JANAUBA;223
884;JANDIRA;266
885;JANGADA;66
886;JANUARIA;23323827
887;JAPARATUBA;662
888;JAPERI;22233121
889;JAPIRA;6
890;JAPONVAR;38
891;JAPORA;21
892;JAQUEIRA;343
893;JAQUIRANA;6
894;JARAGUA;2
895;JARAGUA DO SUL;22211
896;JARDIM;32332138383381
897;JARU;2243
898;JATAI;6611111111
899;JATOBA;6
900;JAU;66166621
901;JEQUIE;2732767777
902;JEQUITIBA;638
903;JEREMOABO;1236
904;JERICO;2
905;JERUMENHA;23
906;JI-PARANA;136
907;JIQUIRICA;3
908;JOACABA;1
909;JOANESIA;2
910;JOAO ALFREDO;3
911;JOAO CAMARA;66
912;JOAO DOURADO;2
913;JOAO LISBOA;26
914;JOAO MONLEVADE;23
915;JOAO NEIVA;6
916;JOAO PESSOA;55555432555555255555555555535555555565553553255552265253238
917;JOAO PINHEIRO;3
918;JOAQUIM GOMES;62232
919;JOAQUIM PIRES;266122
920;JOCA CLAUDINO;6
921;JOINVILLE;1121172126
922;JORDAO;616666
923;JOSE DE FREITAS;66
924;JOSE GONCALVES DE MINAS;2
925;JUARA;22
926;JUATUBA;1
927;JUAZEIRINHO;6666
928;JUAZEIRO;37326222387738
929;JUAZEIRO DO NORTE;616131
930;JUCATI;66
931;JUCURUCU;2
932;JUCURUTU;6
933;JUIZ DE FORA;26122326333372
934;JUNCO DO SERIDO;33
935;JUNDIAI;166162166
936;JUNQUEIRO;212
937;JUPI;3
938;JUQUITIBA;2
939;JUREMA;3333
940;JURUAIA;12
941;JURUTI;1226
942;JUSSARA;63
943;JUTAI;2
944;LABREA;6
945;LADARIO;626
946;LAGARTO;12613838
947;LAGES;3271
948;LAGO VERDE;1
949;LAGOA DA CANOA;21
950;LAGOA DO BARRO DO PIAUI;66
951;LAGOA DO MATO;2
952;LAGOA DOURADA;2
953;LAGOA FORMOSA;33
954;LAGOA GRANDE DO MARANHAO;2
955;LAGOA NOVA;7
956;LAGOA SALGADA;2
957;LAGOA SANTA;32
958;LAGOA VERMELHA;1
959;LAGUNA;38
960;LAJEADO;2
961;LAJEDO;33222
962;LAPAO;31
963;LARANJAL DO JARI;6212212223333222223222231622232
964;LAURO DE FREITAS;23662381213381121
965;LAVRAS;382
966;LAVRAS DA MANGABEIRA;3
967;LENCOIS;2
968;LEOPOLDINA;623
969;LIMEIRA;6612666
970;LIMEIRA DO OESTE;6
971;LIMOEIRO;6666622666
972;LIMOEIRO DO AJURU;72
973;LIMOEIRO DO NORTE;2
974;LINHARES;7
975;LINS;26
976;LIVRAMENTO DE NOSSA SENHORA;63
977;LONDRINA;61262212
978;LORENA;6
979;LUCAS DO RIO VERDE;1211
980;LUCENA;62
981;LUIS ANTONIO;16
982;LUIS CORREIA;362
983;LUIS DOMINGUES;1
984;LUIS EDUARDO MAGALHAES;3112
985;LUIS GOMES;3
986;LUIZIANA;1
987;LUZIANIA;11161222636316266226336222
988;LUZILANDIA;1
989;MACAE;61222
990;MACAIBA;311
991;MACAMBIRA;3
992;MACAPA;211223261132116666112112221626213121366126211626622212212226131382222321162138383827353867138223238383812777738383871622227381233272273387383838
993;MACAU;2
994;MACEIO;62626136213762126226266231666663261
995;MACHADINHO;1
996;MACHADINHO D'OESTE;2226
997;MACHADO;33
998;MACHADOS;38
999;MACUCO;6
1000;MACURURE;13
1001;MAE DO RIO;2612666
1002;MAFRA;22
1003;MAGE;666
1004;MAIRI;2
1005;MAJOR SALES;6
1006;MALTA;66
1007;MAMANGUAPE;325110
1008;MAMPITUBA;2
1009;MANACAPURU;222226721622122166166221
1010;MANAQUIRI;116353
1011;MANARI;1113
1012;MANAUS;72266626211612171117266622111121122322211116636666217221116662162213621622616626216312623112262622616662626216226662212261127266626662616616212221111621616621623666226622626622116261616662221111666266211116616661622611166666166612221122212216166626666226121162266116321363861112216116222262161162
1013;MANCIO LIMA;1
1014;MANDAGUARI;33
1015;MANDURI;66
1016;MANGARATIBA;2
1017;MANHUACU;6721
1018;MANHUMIRIM;26
1019;MANICORE;172661662766626666216266612222261
1020;MARAA;22612
1021;MARABA;122231262272
1022;MARACACUME;2622
1023;MARACAI;6
1024;MARACAJA;1
1025;MARACAJU;233
1026;MARACANAU;7136213321612666
1027;MARACAS;10
1028;MARAIAL;6
1029;MARANGUAPE;366
1030;MARANHAOZINHO;31
1031;MARAPANIM;3393937
1032;MARAU;2
1033;MARAVILHA;38
1034;MARCO;3
1035;MARCOS PARENTE;6
1036;MARECHAL THAUMATURGO;232323
1037;MARI;338
1038;MARIA DA FE;6
1039;MARIALVA;6
1040;MARIANA;323262211
1041;MARICA;6663
1042;MARILENA;3
1043;MARILUZ;62
1044;MARINGA;71131382383838382382222212111213811112
1045;MARITUBA;612
1046;MARQUINHO;2
1047;MARTINOPOLE;107
1048;MASSAPE;7
1049;MASSARANDUBA;6
1050;MATA DE SAO JOAO;38
1051;MATA VERDE;6
1052;MATAO;216
1053;MATELANDIA;38
1054;MATEUS LEME;1
1055;MATINA;6
1056;MATINHA;22233
1057;MATOES;332333333312321
1058;MATOZINHOS;6237
1059;MATRIZ DE CAMARAGIBE;2
1060;MAUA;1666266326661666
1061;MAUES;61266612626112622623622
1062;MAURITI;32
1063;MAZAGAO;216
1064;MEDICILANDIA;662
1065;MELGACO;11
1066;MESOPOLIS;6
1067;MESQUITA;38
1068;MESSIAS;1
1069;MIGUEL ALVES;72137
1070;MIGUEL CALMON;1
1071;MIGUEL PEREIRA;26
1072;MIGUELOPOLIS;66
1073;MILAGRES DO MARANHAO;2
1074;MILHA;6
1075;MILTON BRANDAO;3222
1076;MIMOSO DO SUL;6662
1077;MINAS NOVAS;31
1078;MINEIROS;7
1079;MIRACEMA;1
1080;MIRACEMA DO TOCANTINS;1
1081;MIRAGUAI;2
1082;MIRAI;3
1083;MIRAIMA;66386
1084;MIRANDA DO NORTE;2
1085;MIRANDIBA;13
1086;MIRANTE DO PARANAPANEMA;6
1087;MIRAVANIA;2
1088;MISSAO VELHA;3
1089;MOCAJUBA;2122
1090;MOCOCA;6612626631266
1091;MOGI DAS CRUZES;662216666616626626666511626626
1092;MOGI GUACU;6
1093;MOJI MIRIM;2211
1094;MOJUI DOS CAMPOS;622
1095;MOMBACA;36210
1096;MONCAO;313222
1097;MONGAGUA;16
1098;MONSENHOR GIL;6
1099;MONSENHOR HIPOLITO;666
1100;MONTADAS;6
1101;MONTANHA;6
1102;MONTANHAS;2
1103;MONTE ALEGRE;122
1104;MONTE ALEGRE DE SERGIPE;266
1105;MONTE BELO;2
1106;MONTE CASTELO;1
1107;MONTE FORMOSO;221
1108;MONTE HOREBE;3
1109;MONTE MOR;61
1110;MONTE NEGRO;3
1111;MONTE SANTO;382121381262397
1112;MONTE SANTO DE MINAS;1
1113;MONTEIRO;1
1114;MONTENEGRO;2102
1115;MONTES ALTOS;2
1116;MORADA NOVA;10310
1117;MORENO;3
1118;MORPARA;66
1119;MORRO DO CHAPEU;3332322616
1120;MORRO DO CHAPEU DO PIAUI;66
1121;MORROS;2262
1122;MOSSORO;6226166226
1123;MUANA;2113321
1124;MUCAJAI;16
1125;MUCURI;3
1126;MUNDO NOVO;73122
1127;MURICI;22
1128;MURITIBA;2
1129;MUTUIPE;32
1130;MUZAMBINHO;2
1131;NANUQUE;2
1132;NATAL;2232261222621221622131712222
1133;NAVEGANTES;2
1134;NAVIRAI;372223722
1135;NAZARE DA MATA;6
1136;NAZARE DO PIAUI;6
1137;NEPOMUCENO;1
1138;NEROPOLIS;22
1139;NEVES PAULISTA;6
1140;NHAMUNDA;66626266
1141;NILOPOLIS;31
1142;NIPOA;1
1143;NIQUELANDIA;1
1144;NISIA FLORESTA;3
1145;NITEROI;331112387623826382
1146;NORMANDIA;213
1147;NORTELANDIA;10
1148;NOSSA SENHORA DA GLORIA;221
1149;NOSSA SENHORA DE LOURDES;3
1150;NOSSA SENHORA DE NAZARE;1
1151;NOSSA SENHORA DO SOCORRO;1
1152;NOVA ALIANCA;6
1153;NOVA ALVORADA DO SUL;1
1154;NOVA ANDRADINA;3122
1155;NOVA CRUZ;6
1156;NOVA ESPERANCA;3
1157;NOVA ESPERANCA DO PIRIA;1
1158;NOVA FRIBURGO;3363338
1159;NOVA GRANADA;6
1160;NOVA IGUACU;7213332223221121
1161;NOVA MAMORE;3
1162;NOVA MARILANDIA;12
1163;NOVA MUTUM;2621
1164;NOVA OLINDA;266
1165;NOVA OLINDA DO MARANHAO;61
1166;NOVA OLINDA DO NORTE;62123372316
1167;NOVA PRATA;2
1168;NOVA REDENCAO;2
1169;NOVA SERRANA;2
1170;NOVA SOURE;6
1171;NOVA TIMBOTEUA;6
1172;NOVA TRENTO;1
1173;NOVA UBIRATA;62
1174;NOVO AIRAO;1
1175;NOVO ARIPUANA;6
1176;NOVO CRUZEIRO;666666266
1177;NOVO GAMA;226217
1178;NOVO HAMBURGO;12
1179;NOVO HORIZONTE;2
1180;NOVO HORIZONTE DO SUL;333
1181;NOVO ORIENTE;2
1182;NOVO SAO JOAQUIM;2
1183;NOVO TRIUNFO;62
1184;OBIDOS;262132356
1185;OCARA;2
1186;OEIRAS;26627
1187;OEIRAS DO PARA;361317122383
1188;OIAPOQUE;17
1189;OLHO D'AGUA DO CASADO;6
1190;OLHOS-D'AGUA;1
1191;OLIMPIA;2
1192;OLINDA;276233334332383838173332321133738
1193;OLINDA NOVA DO MARANHAO;12
1194;OLINDINA;2333
1195;OLIVEIRA DOS BREJINHOS;6
1196;ORINDIUVA;2
1197;ORIXIMINA;16312
1198;ORLANDIA;6
1199;ORLEANS;1
1200;OROBO;238
1201;OROCO;1
1202;OSASCO;16261162666622661266622262612666
1203;OUREM;3
1204;OURICURI;6
1205;OURILANDIA DO NORTE;211211
1206;OURINHOS;23
1207;OURO PRETO;76
1208;OUROESTE;6
1209;PACAJUS;263
1210;PACARAIMA;2261111112123331111113111111312211112112126132313121231162113133116222
1211;PACATUBA;762662
1212;PACO DO LUMIAR;22211
1213;PACOTI;6
1214;PADRE BERNARDO;6
1215;PALHOCA;66226
1216;PALMARES;6623
1217;PALMAS;2123217
1218;PALMAS DE MONTE ALTO;333
1219;PALMEIRA;3
1220;PALMEIRA DOS INDIOS;6
1221;PALMEIRAIS;2
1222;PALMEIRANDIA;2
1223;PALMEIRAS;2
1224;PALMEIRAS DE GOIAS;2
1225;PALMOPOLIS;66
1226;PANAMBI;1
1227;PANELAS;2
1228;PARA DE MINAS;3
1229;PARACURU;21
1230;PARAGOMINAS;1313332
1231;PARAIBA DO SUL;331
1232;PARAIBANO;26
1233;PARAIBUNA;6
1234;PARAISO DAS AGUAS;66
1235;PARAISO DO NORTE;666
1236;PARAISO DO TOCANTINS;38
1237;PARAMOTI;6
1238;PARANAGUA;221222
1239;PARANAITA;63
1240;PARANATAMA;2
1241;PARANAVAI;23666106102
1242;PARANHOS;4
1243;PARATINGA;323323
1244;PARATY;6
1245;PARAU;2
1246;PARAUAPEBAS;622226232
1247;PARAZINHO;6
1248;PARINTINS;2763167227376627627671673
1249;PARNAIBA;61266212
1250;PARNAMIRIM;2666
1251;PARNARAMA;316
1252;PAROBE;2
1253;PASSAGEM;32
1254;PASSIRA;666
1255;PASSO DO SOBRADO;6
1256;PASSO FUNDO;2
1257;PASSOS;33636
1258;PASTOS BONS;112
1259;PATOS;61372
1260;PATOS DE MINAS;3
1261;PATOS DO PIAUI;33
1262;PATROCINIO;23822222
1263;PATROCINIO DO MURIAE;1
1264;PAU DOS FERROS;666126
1265;PAUDALHO;63263866
1266;PAUINI;21
1267;PAULA CANDIDO;3
1268;PAULICEIA;6
1269;PAULINO NEVES;1
1270;PAULISTA;32213138316
1271;PAULO AFONSO;123838383872
1272;PE DE SERRA;2
1273;PECANHA;33
1274;PEDRA;3
1275;PEDRA BRANCA DO AMAPARI;2638
1276;PEDRALVA;321
1277;PEDRAO;6
1278;PEDRAS DE MARIA DA CRUZ;2
1279;PEDREIRA;1
1280;PEDRINOPOLIS;61
1281;PEDRO AFONSO;2
1282;PEDRO II;37
1283;PEDRO VELHO;2
1284;PELOTAS;3623222
1285;PENALVA;21
1286;PEREIRO;3363
1287;PERUIBE;626
1288;PESQUEIRA;2633
1289;PETROLANDIA;222
1290;PETROLINA;112321322676223311386
1291;PETROPOLIS;632326237138
1292;PIANCO;2
1293;PICOS;33277
1294;PICUI;66
1295;PIEDADE;1
1296;PIEDADE DE CARATINGA;6
1297;PILAO ARCADO;21
1298;PILAR;111
1299;PILAR DO SUL;16
1300;PIMENTA BUENO;32
1301;PIMENTEIRAS;266
1302;PINDAMONHANGABA;2
1303;PINDORETAMA;77
1304;PINHAIS;16613
1305;PINHEIRO;3123
1306;PINHEIROS;66
1307;PINTADAS;1
1308;PIO IX;2
1309;PIQUETE;1
1310;PIRACAIA;2
1311;PIRACANJUBA;2
1312;PIRACICABA;621216
1313;PIRAI;110
1314;PIRAJU;6
1315;PIRAJUBA;6
1316;PIRAPEMAS;13111
1317;PIRAPETINGA;22
1318;PIRAPORA DO BOM JESUS;1
1319;PIRAPOZINHO;1662
1320;PIRAQUARA;633823
1321;PIRASSUNUNGA;262
1322;PIRIPIRI;22122211223813838382221
1323;PIRITIBA;333
1324;PITANGA;68
1325;PLANALTO;663
1326;PLANALTO DA SERRA;1
1327;POA;1661
1328;POCAO;6
1329;POCO FUNDO;2
1330;POCO VERDE;32
1331;POCONE;33
1332;POCOS DE CALDAS;3232233
1333;POMBAL;62666
1334;POMBOS;33
1335;POMERODE;2
1336;POMPEU;362
1337;PONTA DE PEDRAS;616238336
1338;PONTA GROSSA;3323232362311333233238233321383872338383838733838383873873837
1339;PONTAL;16
1340;PONTE NOVA;26106
1341;PONTES E LACERDA;62
1342;PONTO DOS VOLANTES;3
1343;PORANGA;6666
1344;PORCIUNCULA;62666
1345;PORTEL;666638
1346;PORTO ACRE;2
1347;PORTO ALEGRE;310633863106236322613316326322361363342261136343476
1348;PORTO ALEGRE DO NORTE;1
1349;PORTO AMAZONAS;38
1350;PORTO BELO;2211
1351;PORTO DA FOLHA;32
1352;PORTO DE MOZ;212
1353;PORTO DE PEDRAS;1
1354;PORTO ESPERIDIAO;2211
1355;PORTO FELIZ;2
1356;PORTO GRANDE;22162
1357;PORTO MURTINHO;31333
1358;PORTO NACIONAL;221
1359;PORTO REAL DO COLEGIO;6626
1360;PORTO SEGURO;38677322226
1361;PORTO VELHO;2212231212621133212
1362;PORTO WALTER;2
1363;POTIM;2
1364;POTIRENDABA;2
1365;POUSO ALEGRE;1
1366;POXOREO;1
1367;PRACUUBA;6
1368;PRADO;33732312
1369;PRAIA GRANDE;66626266226
1370;PRAINHA;1
1371;PRESIDENTE CASTELO BRANCO;1010
1372;PRESIDENTE DUTRA;11010101032
1373;PRESIDENTE EPITACIO;2
1374;PRESIDENTE FIGUEIREDO;221221727776771772
1375;PRESIDENTE JANIO QUADROS;1
1376;PRESIDENTE JUSCELINO;1
1377;PRESIDENTE KENNEDY;6
1378;PRESIDENTE MEDICI;3232
1379;PRESIDENTE PRUDENTE;2
1380;PRESIDENTE SARNEY;2
1381;PRESIDENTE TANCREDO NEVES;3
1382;PRESIDENTE VARGAS;22
1383;PRESIDENTE VENCESLAU;1
1384;PRIMAVERA;6
1385;PRIMAVERA DO LESTE;6
1386;PRIMEIRA CRUZ;3
1387;PROMISSAO;66
1388;PRUDENTE DE MORAIS;373
1389;PUXINANA;66
1390;QUARAI;1
1391;QUATIGUA;3
1392;QUEBRANGULO;6
1393;QUEDAS DO IGUACU;3
1394;QUEIMADAS;3326
1395;QUEIMADOS;2261
1396;QUERENCIA;1
1397;QUIRINOPOLIS;6
1398;QUISSAMA;7
1399;QUITANDINHA;3
1400;QUIXADA;27
1401;QUIXELO;3
1402;QUIXERAMOBIM;766662
1403;RANCHO ALEGRE;2
1404;RAPOSOS;38
1405;RAUL SOARES;1
1406;REALEZA;1
1407;RECIFE;316613336323438523832
1408;RECREIO;32
1409;REDENCAO;232
1410;REDENCAO DO GURGUEIA;2
1411;REGISTRO;26
1412;REMANSO;2
1413;REMIGIO;6
1414;RERIUTABA;1
1415;RESERVA DO IGUACU;10
1416;RIACHAO DAS NEVES;2
1417;RIACHAO DO DANTAS;32
1418;RIACHAO DO JACUIPE;6
1419;RIACHINHO;1
1420;RIACHO DE SANTANA;66
1421;RIACHUELO;2
1422;RIALMA;7
1423;RIBEIRA DO POMBAL;381
1424;RIBEIRAO;32
1425;RIBEIRAO BRANCO;61
1426;RIBEIRAO DAS NEVES;62362323333383
1427;RIBEIRAO PIRES;222
1428;RIBEIRAO PRETO;1122666626326662
1429;RIBEIROPOLIS;2
1430;RINCAO;6
1431;RIO ACIMA;3
1432;RIO BRANCO;122623821
1433;RIO BRANCO DO SUL;22
1434;RIO BRILHANTE;33
1435;RIO CLARO;6676
1436;RIO DAS OSTRAS;386
1437;RIO DE JANEIRO;163222332331132663316133210713316333633161666133272371111633363263323223233123331133311272163333623332362161613136166663131632331111103233333101662326222632211326263311633122338112233173632238233622332663226638266138233381621323233833838686233361
1438;RIO DO PIRES;62
1439;RIO DO PRADO;1
1440;RIO FORMOSO;6
1441;RIO GRANDE;6622263
1442;RIO GRANDE DA SERRA;6
1443;RIO LARGO;3161
1444;RIO MANSO;33
1445;RIO NEGRO;3
1446;RIO NOVO;1
1447;RIO PARANAIBA;10
1448;RIO PARDO;2
1449;RIO PIRACICABA;2
1450;RIO PRETO DA EVA;26172316
1451;RIO REAL;2
1452;RIO TINTO;333
1453;RIO VERDE;2221382
1454;RIO VERMELHO;2
1455;ROCHEDO;11
1456;RODEIRO;2
1457;RODELAS;127
1458;ROLANDIA;666666
1459;ROLIM DE MOURA;2
1460;RONDON DO PARA;1
1461;RONDONOPOLIS;6323266
1462;RORAINOPOLIS;21
1463;ROSANA;63
1464;ROSARIO;66211
1465;ROSARIO DO CATETE;2
1466;ROSARIO OESTE;1
1467;RUROPOLIS;6
1468;RUSSAS;62
1469;SABARA;2331326
1470;SACRAMENTO;66
1471;SALES OLIVEIRA;6
1472;SALESOPOLIS;2
1473;SALGUEIRO;1332116
1474;SALINAS DA MARGARIDA;12
1475;SALINOPOLIS;662666116
1476;SALITRE;1
1477;SALTO;212626
1478;SALTO DA DIVISA;6
1479;SALVADOR;232273838238382222212123638222383838383813838738383838713838381122222773838382273838383838383812777138383822222222227223811113838381222222738383838383811383813822138273877713838381173838383822122222383838222722238383838211771738383838222222738382226222111122222222222777138122773838381138383811111722722212222222738383838738383838111222277383838383838381381112238381238321122212382212263838735
1480;SALVADOR DO SUL;232
1481;SALVATERRA;313311616
1482;SANDOLANDIA;1
1483;SANT'ANA DO LIVRAMENTO;26
1484;SANTA ALBERTINA;6
1485;SANTA BARBARA;23826
1486;SANTA CRUZ;62122
1487;SANTA CRUZ CABRALIA;2
1488;SANTA CRUZ DE MONTE CASTELO;2
1489;SANTA CRUZ DO ARARI;2
1490;SANTA FE;2
1491;SANTA GERTRUDES;62
1492;SANTA HELENA DE GOIAS;33
1493;SANTA INES;623661222
1494;SANTA ISABEL;11616
1495;SANTA ISABEL DO PARA;621
1496;SANTA ISABEL DO RIO NEGRO;6263662266266
1497;SANTA IZABEL DO OESTE;2
1498;SANTA JULIANA;2
1499;SANTA LEOPOLDINA;1
1500;SANTA LUZIA;33123233331223722110
1501;SANTA LUZIA DO ITANHY;2333
1502;SANTA LUZIA DO PARA;2
1503;SANTA LUZIA DO PARUA;6
1504;SANTA MARIA;38721238
1505;SANTA MARIA DA BOA VISTA;261623
1506;SANTA MARIA DA VITORIA;6
1507;SANTA QUITERIA;3334
1508;SANTA QUITERIA DO MARANHAO;6
1509;SANTA RITA;1236323213425127112381733312382
1510;SANTA RITA DE CASSIA;32
1511;SANTA RITA DE IBITIPOCA;3
1512;SANTA RITA DE JACUTINGA;2
1513;SANTA RITA DO PASSA QUATRO;6
1514;SANTA RITA DO SAPUCAI;39
1515;SANTA ROSA;1
1516;SANTA ROSA DE VITERBO;1
1517;SANTA ROSA DO PURUS;66
1518;SANTA TEREZA DE GOIAS;6
1519;SANTA VITORIA;6
1520;SANTANA;3213112671
1521;SANTANA DE MANGUEIRA;26
1522;SANTANA DE PARNAIBA;621666
1523;SANTANA DO ACARAU;2
1524;SANTANA DO GARAMBEU;6
1525;SANTANA DO MARANHAO;238
1526;SANTANA DO MATOS;5
1527;SANTAREM;7111113666666212266261612233677116176222723616
1528;SANTIAGO;7
1529;SANTO AMARO;331223
1530;SANTO AMARO DAS BROTAS;101033
1531;SANTO ANDRE;66222122666626766621622666
1532;SANTO ANTONIO;62
1533;SANTO ANTONIO DE JESUS;7777173838773873877777
1534;SANTO ANTONIO DE PADUA;6
1535;SANTO ANTONIO DE POSSE;716
1536;SANTO ANTONIO DO DESCOBERTO;2223821134
1537;SANTO ANTONIO DO LESTE;2
1538;SANTO ANTONIO DO TAUA;2
1539;SANTO ANTONIO DOS LOPES;32
1540;SANTO ESTEVAO;63
1541;SANTO INACIO DO PIAUI;38
1542;SANTOS;12112166662
1543;SAO BENTO;317632
1544;SAO BENTO DO SAPUCAI;6
1545;SAO BENTO DO SUL;1
1546;SAO BENTO DO UNA;11
1547;SAO BERNARDO DO CAMPO;66122161276111266666261266662162161166666263
1548;SAO BORJA;23
1549;SAO CAITANO;226
1550;SAO CARLOS;66662
1551;SAO CRISTOVAO;2238
1552;SAO DESIDERIO;62
1553;SAO DOMINGOS;31
1554;SAO DOMINGOS DO ARAGUAIA;1
1555;SAO DOMINGOS DO CAPIM;21
1556;SAO DOMINGOS DO PRATA;32
1557;SAO FELIPE;3826106
1558;SAO FELIX DO XINGU;33
1559;SAO FRANCISCO DE ASSIS DO PIAUI;7
1560;SAO FRANCISCO DE PAULA;332
1561;SAO FRANCISCO DO BREJAO;2
1562;SAO FRANCISCO DO CONDE;26
1563;SAO FRANCISCO DO MARANHAO;2
1564;SAO FRANCISCO DO OESTE;666
1565;SAO FRANCISCO DO PARA;616676
1566;SAO FRANCISCO DO SUL;238
1567;SAO GABRIEL;2
1568;SAO GABRIEL DA CACHOEIRA;71271662362662676212627762323222262
1569;SAO GABRIEL DO OESTE;3
1570;SAO GERALDO DO ARAGUAIA;2
1571;SAO GONCALO;2332362633272
1572;SAO GONCALO DO AMARANTE;66221231635
1573;SAO GONCALO DO PARA;3332
1574;SAO GONCALO DOS CAMPOS;1
1575;SAO GOTARDO;1
1576;SAO JERONIMO;3
1577;SAO JOAO BATISTA;3822
1578;SAO JOAO DA PONTA;31
1579;SAO JOAO DE MERITI;322111
1580;SAO JOAO DE PIRABAS;211
1581;SAO JOAO DO CARU;2
1582;SAO JOAO DO IVAI;38
1583;SAO JOAQUIM;2
1584;SAO JOAQUIM DE BICAS;66
1585;SAO JORGE D'OESTE;2
1586;SAO JOSE;3222
1587;SAO JOSE DA LAPA;111123872112
1588;SAO JOSE DE MIPIBU;22
1589;SAO JOSE DE PIRANHAS;6
1590;SAO JOSE DE RIBAMAR;12216112
1591;SAO JOSE DO ALEGRE;1
1592;SAO JOSE DO BELMONTE;3332
1593;SAO JOSE DO CAMPESTRE;6
1594;SAO JOSE DO EGITO;6
1595;SAO JOSE DO PIAUI;3
1596;SAO JOSE DO RIO PARDO;6
1597;SAO JOSE DO RIO PRETO;2261126666661662662612166166666266
1598;SAO JOSE DOS CAMPOS;6396626226126
1599;SAO JOSE DOS PINHAIS;31238113811123812838138211138238381262132338726138238223838128111
1600;SAO JULIAO;2
1601;SAO LEOPOLDO;62113211
1602;SAO LOURENCO DA MATA;6166611622
1603;SAO LOURENCO DA SERRA;2
1604;SAO LUIS;323313331101352211122333822322222223
1605;SAO MATEUS;6
1606;SAO MATEUS DO SUL;3
1607;SAO MIGUEL;6676
1608;SAO MIGUEL ARCANJO;62
1609;SAO MIGUEL DO ALEIXO;2
1610;SAO MIGUEL DO GUAMA;2
1611;SAO MIGUEL DO OESTE;71
1612;SAO MIGUEL DO TAPUIO;323232323232323232132323232
1613;SAO MIGUEL DOS CAMPOS;22
1614;SAO PAULO;666666626661662666267666766216626622122221166166662627213666666266662676666666662166616226166622267666666666662262261166663166666262666626666266222216626666662222261666666666666662716666666666666166666266661662662616221666666666666266666626666666266216266266666666712236666661266616662666166666663666266626266666666216122636622236666666272662726166666666666666667266666266666166622266622611666266666222626112266662738666662266662338666762266266622666666616666
1615;SAO PAULO DE OLIVENCA;32322102311
1616;SAO PAULO DO POTENGI;6
1617;SAO PEDRO;632
1618;SAO PEDRO DA AGUA BRANCA;2
1619;SAO PEDRO DA ALDEIA;1621
1620;SAO PEDRO DA UNIAO;33
1621;SAO RAFAEL;26
1622;SAO RAIMUNDO NONATO;233333333
1623;SAO ROQUE;12666266661
1624;SAO SEBASTIAO;1121262638772
1625;SAO SEBASTIAO DE LAGOA DE ROCA;36
1626;SAO SEBASTIAO DO PARAISO;2
1627;SAO SEBASTIAO DO PASSE;1
1628;SAO SEBASTIAO DO UATUMA;1
1629;SAO TIAGO;613
1630;SAO VICENTE;6262662
1631;SAO VICENTE DE MINAS;10
1632;SAO VICENTE FERRER;1
1633;SAPE;33838
1634;SAPEACU;2
1635;SAPIRANGA;3
1636;SAPUCAI-MIRIM;6
1637;SAPUCAIA DO SUL;332
1638;SAQUAREMA;1
1639;SARANDI;3382
1640;SARAPUI;6
1641;SARUTAIA;6
1642;SARZEDO;12666266
1643;SATIRO DIAS;2
1644;SAUBARA;212
1645;SAUDADES;6
1646;SEABRA;26
1647;SEARA;2
1648;SEBASTIAO BARROS;38
1649;SEBASTIAO LARANJEIRAS;3
1650;SENADOR AMARAL;6
1651;SENADOR CANEDO;2310
1652;SENADOR ELOI DE SOUZA;2
1653;SENADOR GEORGINO AVELINO;6
1654;SENADOR POMPEU;6
1655;SENADOR SA;66
1656;SENHOR DO BONFIM;383
1657;SENHORA DO PORTO;7
1658;SENHORA DOS REMEDIOS;33333
1659;SENTO SE;2
1660;SERIDO;662
1661;SEROPEDICA;33233
1662;SERRA;3210626166661
1663;SERRA DOURADA;2
1664;SERRA PRETA;22
1665;SERRA TALHADA;32
1666;SERRANA;62
1667;SERRARIA;333
1668;SERRINHA;33
1669;SERRO;1
1670;SERROLANDIA;38
1671;SERTANIA;210
1672;SERTAOZINHO;622
1673;SETE LAGOAS;2113838383817777387773838382738383873838383877738383838387383838383827777387738387383838387383838383838383838383838383838387773838721271383827383838
1674;SIDROLANDIA;1111222222222111133333333333333333333331111111333444444444444442222222222232323244444444323244334333324424444443333333334444444444444443333413344141144444444441121111133333222444
1675;SILVANIA;38
1676;SILVES;6
1677;SIMAO DIAS;22
1678;SIMOES FILHO;1356
1679;SINOP;222
1680;SIRINHAEM;11
1681;SIRIRI;2
1682;SITIO DO MATO;3
1683;SITIO DO QUINTO;1
1684;SITIO NOVO;2
1685;SITIO NOVO DO TOCANTINS;1
1686;SOBRADINHO;62
1687;SOBRADO;6
1688;SOBRAL;6163323233661138132
1689;SOLONOPOLE;66
1690;SONORA;13
1691;SOROCABA;6272666116221622226226226666121
1692;SORRISO;326
1693;SOUSA;381277777773877777
1694;SUCUPIRA DO NORTE;2
1695;SUMARE;6626
1696;SUME;6
1697;SUMIDOURO;2
1698;SUZANO;61216662366661712
1699;TABATINGA;12323222226772317622632666638238382383821386138
1700;TABIRA;36622
1701;TABOAO DA SERRA;626626676766666266676
1702;TABULEIRO DO NORTE;6
1703;TACARATU;23
1704;TACURU;1
1705;TAGUATINGA;6
1706;TAILANDIA;7662667216626776263817772
1707;TAIOBEIRAS;71
1708;TAMARANA;3
1709;TAMBOARA;2
1710;TAMBORIL;1
1711;TANGARA DA SERRA;2326625
1712;TANGUA;2
1713;TAPAUA;33
1714;TAPEROA;3838
1715;TAPIRATIBA;6
1716;TAPURAH;222
1717;TAQUARITINGA;2
1718;TAQUARITUBA;26
1719;TARABAI;6
1720;TARAUACA;21323232322
1721;TARTARUGALZINHO;6662
1722;TATUI;6
1723;TAUA;3
1724;TAUBATE;22126
1725;TEFE;76112136332133212121262222673838
1726;TEIXEIRA;335
1727;TEIXEIRA DE FREITAS;211372223813822
1728;TEJUCUOCA;3
1729;TELEMACO BORBA;310
1730;TEODORO SAMPAIO;6
1731;TEOFILANDIA;2
1732;TEOTONIO VILELA;3
1733;TERENOS;14
1734;TERESINA;66163232382132
1735;TERESOPOLIS;1323
1736;TERRA ALTA;2
1737;TERRA NOVA;2
1738;TERRA ROXA;3
1739;TEUTONIA;213838922122122381238122
1740;TIANGUA;12
1741;TIJUCAS;2222738383837383838383838383838383838383838383838383811111111111222237373838383838383838383822382387383838383838738383838383838383838138383838383838111138123811222222383838111123838116222223838383838383838383838383838383838383837383838383822222222383838383838383838383838383838383838381221381382138383838381383812238
1742;TIJUCAS DO SUL;1
1743;TIMBAUBA;122
1744;TIMBIRAS;6
1745;TIMBO;6
1746;TIMON;11661211
1747;TIROS;2
1748;TOCANTINOPOLIS;2
1749;TOLEDO;6223822
1750;TOME-ACU;6222
1751;TONANTINS;32333352238
1752;TORRES;2
1753;TRACUATEUA;2
1754;TRACUNHAEM;333
1755;TRAIRI;2226212
1756;TRAMANDAI;10
1757;TREMEDAL;3
1758;TREMEMBE;17
1759;TRES CORACOES;310
1760;TRES LAGOAS;21621
1761;TRES PASSOS;1
1762;TRES RIOS;3
1763;TREZE TILIAS;2
1764;TRINDADE;233216
1765;TRIUNFO;10
1766;TUBARAO;6
1767;TUCANO;6
1768;TUCUMA;1238
1769;TUCURUI;238
1770;TUNAS DO PARANA;37
1771;TUNTUM;2
1772;TUPA;2
1773;TUPACIGUARA;6
1774;TUPANATINGA;6
1775;TURIACU;222123234353535353434353434
1776;TURMALINA;61
1777;TURVO;33
1778;TUTOIA;626122666
1779;UARINI;2621262661662667
1780;UAUA;13
1781;UBA;3663
1782;UBAI;3
1783;UBAJARA;2211
1784;UBATA;6
1785;UBATUBA;1
1786;UBERABA;382
1787;UBERLANDIA;1
1788;UIBAI;333
1789;UIRAUNA;1
1790;UMARIZAL;6
1791;UMBAUBA;16
1792;UMBUZEIRO;38
1793;UMIRIM;66
1794;UMUARAMA;131
1795;UNA;138
1796;UNIAO;2
1797;UNIAO DOS PALMARES;2
1798;URBANO SANTOS;21
1799;URUCARA;326
1800;URUCUCA;6
1801;URUCUI;2
1802;URUCURITUBA;26767626
1803;URUGUAIANA;2122632
1804;VALE DO ANARI;6
1805;VALENCA;177
1806;VALENCA DO PIAUI;32
1807;VALPARAISO DE GOIAS;626
1808;VARGEM GRANDE DO SUL;2626
1809;VARGINHA;2
1810;VARRE-SAI;132
1811;VARZEA;6
1812;VARZEA ALEGRE;6
1813;VARZEA DA ROCA;381
1814;VARZEA GRANDE;26121
1815;VARZEA PAULISTA;11
1816;VASSOURAS;27
1817;VENANCIO AIRES;61
1818;VENTUROSA;6
1819;VERA;2
1820;VERA CRUZ;2
1821;VERA CRUZ DO OESTE;31
1822;VERANOPOLIS;3
1823;VESPASIANO;331381
1824;VIAMAO;211323122323333223232
1825;VIANA;21
1826;VIANOPOLIS;6
1827;VICENCIA;3
1828;VICENTINA;6610
1829;VICOSA;333810
1830;VICOSA DO CEARA;622
1831;VIDEIRA;2
1832;VIGIA;38
1833;VILA FLORES;6
1834;VILA NOVA DOS MARTIRIOS;3262
1835;VILA VELHA;34636
1836;VILHENA;21321
1837;VINHEDO;226
1838;VIRGINOPOLIS;33
1839;VISEU;16212
1840;VISTA ALEGRE DO ALTO;2
1841;VITORIA;26662
1842;VITORIA DA CONQUISTA;33122323311362
1843;VITORIA DE SANTO ANTAO;21265
1844;VITORIA DO JARI;2322
1845;VITORIA DO XINGU;6
1846;VOLTA REDONDA;233616
1847;VOTORANTIM;666662266
1848;VOTUPORANGA;76221
1849;WALL FERRAZ;66
1850;WENCESLAU GUIMARAES;2
1851;XAMBIOA;22
1852;XANGRI-LA;10
1853;XANXERE;6
1854;XAPURI;22162
1855;XEXEU;7
1856;XINGUARA;2612
1857;XIQUE-XIQUE;226736
1858;ZE DOCA;21
